{
  "Elements": [
    {
      "__type": "KeyboardKey",
      "Id": 0,
      "Boundaries": [
        {
          "X": 9,
          "Y": 234
        },
        {
          "X": 69,
          "Y": 234
        },
        {
          "X": 69,
          "Y": 277
        },
        {
          "X": 9,
          "Y": 277
        }
      ],
      "KeyCodes": [
        9
      ],
      "Text": "Tab",
      "TextPosition": {
        "X": 26,
        "Y": 246
      },
      "ChangeOnCaps": false,
      "ShiftText": "Tab"
    },
    {
      "__type": "KeyboardKey",
      "Id": 7,
      "Boundaries": [
        {
          "X": 89,
          "Y": 278
        },
        {
          "X": 132,
          "Y": 278
        },
        {
          "X": 132,
          "Y": 321
        },
        {
          "X": 89,
          "Y": 321
        }
      ],
      "KeyCodes": [
        65
      ],
      "Text": "a",
      "TextPosition": {
        "X": 110,
        "Y": 295
      },
      "ChangeOnCaps": true,
      "ShiftText": "A"
    },
    {
      "__type": "KeyboardKey",
      "Id": 8,
      "Boundaries": [
        {
          "X": 199,
          "Y": 322
        },
        {
          "X": 242,
          "Y": 322
        },
        {
          "X": 242,
          "Y": 365
        },
        {
          "X": 199,
          "Y": 365
        }
      ],
      "KeyCodes": [
        67
      ],
      "Text": "c",
      "TextPosition": {
        "X": 220,
        "Y": 339
      },
      "ChangeOnCaps": true,
      "ShiftText": "C"
    },
    {
      "__type": "KeyboardKey",
      "Id": 9,
      "Boundaries": [
        {
          "X": 177,
          "Y": 278
        },
        {
          "X": 220,
          "Y": 278
        },
        {
          "X": 220,
          "Y": 321
        },
        {
          "X": 177,
          "Y": 321
        }
      ],
      "KeyCodes": [
        68
      ],
      "Text": "d",
      "TextPosition": {
        "X": 198,
        "Y": 295
      },
      "ChangeOnCaps": true,
      "ShiftText": "D"
    },
    {
      "__type": "KeyboardKey",
      "Id": 10,
      "Boundaries": [
        {
          "X": 158,
          "Y": 234
        },
        {
          "X": 201,
          "Y": 234
        },
        {
          "X": 201,
          "Y": 277
        },
        {
          "X": 158,
          "Y": 277
        }
      ],
      "KeyCodes": [
        69
      ],
      "Text": "e",
      "TextPosition": {
        "X": 179,
        "Y": 251
      },
      "ChangeOnCaps": true,
      "ShiftText": "E"
    },
    {
      "__type": "KeyboardKey",
      "Id": 11,
      "Boundaries": [
        {
          "X": 221,
          "Y": 278
        },
        {
          "X": 264,
          "Y": 278
        },
        {
          "X": 264,
          "Y": 321
        },
        {
          "X": 221,
          "Y": 321
        }
      ],
      "KeyCodes": [
        70
      ],
      "Text": "f",
      "TextPosition": {
        "X": 242,
        "Y": 295
      },
      "ChangeOnCaps": true,
      "ShiftText": "F"
    },
    {
      "__type": "KeyboardKey",
      "Id": 12,
      "Boundaries": [
        {
          "X": 265,
          "Y": 278
        },
        {
          "X": 308,
          "Y": 278
        },
        {
          "X": 308,
          "Y": 321
        },
        {
          "X": 265,
          "Y": 321
        }
      ],
      "KeyCodes": [
        71
      ],
      "Text": "g",
      "TextPosition": {
        "X": 286,
        "Y": 295
      },
      "ChangeOnCaps": true,
      "ShiftText": "G"
    },
    {
      "__type": "KeyboardKey",
      "Id": 13,
      "Boundaries": [
        {
          "X": 70,
          "Y": 234
        },
        {
          "X": 113,
          "Y": 234
        },
        {
          "X": 113,
          "Y": 277
        },
        {
          "X": 70,
          "Y": 277
        }
      ],
      "KeyCodes": [
        81
      ],
      "Text": "q",
      "TextPosition": {
        "X": 91,
        "Y": 251
      },
      "ChangeOnCaps": true,
      "ShiftText": "Q"
    },
    {
      "__type": "KeyboardKey",
      "Id": 14,
      "Boundaries": [
        {
          "X": 202,
          "Y": 234
        },
        {
          "X": 245,
          "Y": 234
        },
        {
          "X": 245,
          "Y": 277
        },
        {
          "X": 202,
          "Y": 277
        }
      ],
      "KeyCodes": [
        82
      ],
      "Text": "r",
      "TextPosition": {
        "X": 223,
        "Y": 251
      },
      "ChangeOnCaps": true,
      "ShiftText": "R"
    },
    {
      "__type": "KeyboardKey",
      "Id": 15,
      "Boundaries": [
        {
          "X": 246,
          "Y": 234
        },
        {
          "X": 289,
          "Y": 234
        },
        {
          "X": 289,
          "Y": 277
        },
        {
          "X": 246,
          "Y": 277
        }
      ],
      "KeyCodes": [
        84
      ],
      "Text": "t",
      "TextPosition": {
        "X": 267,
        "Y": 251
      },
      "ChangeOnCaps": true,
      "ShiftText": "T"
    },
    {
      "__type": "KeyboardKey",
      "Id": 16,
      "Boundaries": [
        {
          "X": 133,
          "Y": 278
        },
        {
          "X": 176,
          "Y": 278
        },
        {
          "X": 176,
          "Y": 321
        },
        {
          "X": 133,
          "Y": 321
        }
      ],
      "KeyCodes": [
        83
      ],
      "Text": "s",
      "TextPosition": {
        "X": 154,
        "Y": 295
      },
      "ChangeOnCaps": true,
      "ShiftText": "S"
    },
    {
      "__type": "KeyboardKey",
      "Id": 17,
      "Boundaries": [
        {
          "X": 243,
          "Y": 322
        },
        {
          "X": 286,
          "Y": 322
        },
        {
          "X": 286,
          "Y": 365
        },
        {
          "X": 243,
          "Y": 365
        }
      ],
      "KeyCodes": [
        86
      ],
      "Text": "v",
      "TextPosition": {
        "X": 264,
        "Y": 339
      },
      "ChangeOnCaps": true,
      "ShiftText": "V"
    },
    {
      "__type": "KeyboardKey",
      "Id": 18,
      "Boundaries": [
        {
          "X": 114,
          "Y": 234
        },
        {
          "X": 157,
          "Y": 234
        },
        {
          "X": 157,
          "Y": 277
        },
        {
          "X": 114,
          "Y": 277
        }
      ],
      "KeyCodes": [
        87
      ],
      "Text": "w",
      "TextPosition": {
        "X": 135,
        "Y": 251
      },
      "ChangeOnCaps": true,
      "ShiftText": "W"
    },
    {
      "__type": "KeyboardKey",
      "Id": 19,
      "Boundaries": [
        {
          "X": 155,
          "Y": 322
        },
        {
          "X": 198,
          "Y": 322
        },
        {
          "X": 198,
          "Y": 365
        },
        {
          "X": 155,
          "Y": 365
        }
      ],
      "KeyCodes": [
        88
      ],
      "Text": "x",
      "TextPosition": {
        "X": 176,
        "Y": 339
      },
      "ChangeOnCaps": true,
      "ShiftText": "X"
    },
    {
      "__type": "KeyboardKey",
      "Id": 20,
      "Boundaries": [
        {
          "X": 110,
          "Y": 322
        },
        {
          "X": 154,
          "Y": 322
        },
        {
          "X": 154,
          "Y": 365
        },
        {
          "X": 110,
          "Y": 365
        }
      ],
      "KeyCodes": [
        90
      ],
      "Text": "z",
      "TextPosition": {
        "X": 132,
        "Y": 339
      },
      "ChangeOnCaps": true,
      "ShiftText": "Z"
    },
    {
      "__type": "KeyboardKey",
      "Id": 24,
      "Boundaries": [
        {
          "X": 550,
          "Y": 322
        },
        {
          "X": 649,
          "Y": 322
        },
        {
          "X": 649,
          "Y": 365
        },
        {
          "X": 550,
          "Y": 365
        }
      ],
      "KeyCodes": [
        161
      ],
      "Text": "Shift",
      "TextPosition": {
        "X": 571,
        "Y": 334
      },
      "ChangeOnCaps": false,
      "ShiftText": "Shift"
    },
    {
      "__type": "KeyboardKey",
      "Id": 25,
      "Boundaries": [
        {
          "X": 9,
          "Y": 366
        },
        {
          "X": 69,
          "Y": 366
        },
        {
          "X": 69,
          "Y": 409
        },
        {
          "X": 9,
          "Y": 409
        }
      ],
      "KeyCodes": [
        162
      ],
      "Text": "Ctrl",
      "TextPosition": {
        "X": 26,
        "Y": 379
      },
      "ChangeOnCaps": false,
      "ShiftText": "Ctrl"
    },
    {
      "__type": "KeyboardKey",
      "Id": 26,
      "Boundaries": [
        {
          "X": 114,
          "Y": 366
        },
        {
          "X": 160,
          "Y": 366
        },
        {
          "X": 160,
          "Y": 409
        },
        {
          "X": 114,
          "Y": 409
        }
      ],
      "KeyCodes": [
        164
      ],
      "Text": "Alt",
      "TextPosition": {
        "X": 130,
        "Y": 379
      },
      "ChangeOnCaps": false,
      "ShiftText": "Alt"
    },
    {
      "__type": "KeyboardKey",
      "Id": 32,
      "Boundaries": [
        {
          "X": 9,
          "Y": 278
        },
        {
          "X": 88,
          "Y": 278
        },
        {
          "X": 88,
          "Y": 321
        },
        {
          "X": 9,
          "Y": 321
        }
      ],
      "KeyCodes": [
        20
      ],
      "Text": "Caps\u000aLock",
      "TextPosition": {
        "X": 29,
        "Y": 296
      },
      "ChangeOnCaps": true,
      "ShiftText": "Caps\u000aLock"
    },
    {
      "__type": "KeyboardKey",
      "Id": 1,
      "Boundaries": [
        {
          "X": 161,
          "Y": 366
        },
        {
          "X": 461,
          "Y": 366
        },
        {
          "X": 461,
          "Y": 409
        },
        {
          "X": 161,
          "Y": 409
        }
      ],
      "KeyCodes": [
        32
      ],
      "Text": "",
      "TextPosition": {
        "X": 311,
        "Y": 387
      },
      "ChangeOnCaps": false,
      "ShiftText": ""
    },
    {
      "__type": "KeyboardKey",
      "Id": 33,
      "Boundaries": [
        {
          "X": 70,
          "Y": 366
        },
        {
          "X": 113,
          "Y": 366
        },
        {
          "X": 113,
          "Y": 409
        },
        {
          "X": 70,
          "Y": 409
        }
      ],
      "KeyCodes": [
        91
      ],
      "Text": "⊞",
      "TextPosition": {
        "X": 91,
        "Y": 389
      },
      "ChangeOnCaps": false,
      "ShiftText": "⊞"
    },
    {
      "__type": "KeyboardKey",
      "Id": 34,
      "Boundaries": [
        {
          "X": 287,
          "Y": 322
        },
        {
          "X": 330,
          "Y": 322
        },
        {
          "X": 330,
          "Y": 365
        },
        {
          "X": 287,
          "Y": 365
        }
      ],
      "KeyCodes": [
        66
      ],
      "Text": "b",
      "TextPosition": {
        "X": 308,
        "Y": 339
      },
      "ChangeOnCaps": true,
      "ShiftText": "B"
    },
    {
      "__type": "KeyboardKey",
      "Id": 35,
      "Boundaries": [
        {
          "X": 331,
          "Y": 322
        },
        {
          "X": 374,
          "Y": 322
        },
        {
          "X": 374,
          "Y": 365
        },
        {
          "X": 331,
          "Y": 365
        }
      ],
      "KeyCodes": [
        78
      ],
      "Text": "n",
      "TextPosition": {
        "X": 352,
        "Y": 339
      },
      "ChangeOnCaps": true,
      "ShiftText": "N"
    },
    {
      "__type": "KeyboardKey",
      "Id": 36,
      "Boundaries": [
        {
          "X": 375,
          "Y": 322
        },
        {
          "X": 418,
          "Y": 322
        },
        {
          "X": 418,
          "Y": 365
        },
        {
          "X": 375,
          "Y": 365
        }
      ],
      "KeyCodes": [
        77
      ],
      "Text": "m",
      "TextPosition": {
        "X": 396,
        "Y": 339
      },
      "ChangeOnCaps": true,
      "ShiftText": "M"
    },
    {
      "__type": "KeyboardKey",
      "Id": 37,
      "Boundaries": [
        {
          "X": 419,
          "Y": 322
        },
        {
          "X": 461,
          "Y": 322
        },
        {
          "X": 461,
          "Y": 365
        },
        {
          "X": 419,
          "Y": 365
        }
      ],
      "KeyCodes": [
        188
      ],
      "Text": ",",
      "TextPosition": {
        "X": 440,
        "Y": 343
      },
      "ChangeOnCaps": true,
      "ShiftText": "?"
    },
    {
      "__type": "KeyboardKey",
      "Id": 38,
      "Boundaries": [
        {
          "X": 462,
          "Y": 322
        },
        {
          "X": 505,
          "Y": 322
        },
        {
          "X": 505,
          "Y": 365
        },
        {
          "X": 462,
          "Y": 365
        }
      ],
      "KeyCodes": [
        190
      ],
      "Text": ";",
      "TextPosition": {
        "X": 483,
        "Y": 343
      },
      "ChangeOnCaps": true,
      "ShiftText": "."
    },
    {
      "__type": "KeyboardKey",
      "Id": 39,
      "Boundaries": [
        {
          "X": 506,
          "Y": 322
        },
        {
          "X": 549,
          "Y": 322
        },
        {
          "X": 549,
          "Y": 365
        },
        {
          "X": 506,
          "Y": 365
        }
      ],
      "KeyCodes": [
        191
      ],
      "Text": ":",
      "TextPosition": {
        "X": 527,
        "Y": 343
      },
      "ChangeOnCaps": true,
      "ShiftText": "\/"
    },
    {
      "__type": "KeyboardKey",
      "Id": 40,
      "Boundaries": [
        {
          "X": 309,
          "Y": 278
        },
        {
          "X": 352,
          "Y": 278
        },
        {
          "X": 352,
          "Y": 321
        },
        {
          "X": 309,
          "Y": 321
        }
      ],
      "KeyCodes": [
        72
      ],
      "Text": "h",
      "TextPosition": {
        "X": 330,
        "Y": 295
      },
      "ChangeOnCaps": true,
      "ShiftText": "H"
    },
    {
      "__type": "KeyboardKey",
      "Id": 41,
      "Boundaries": [
        {
          "X": 353,
          "Y": 278
        },
        {
          "X": 396,
          "Y": 278
        },
        {
          "X": 396,
          "Y": 321
        },
        {
          "X": 353,
          "Y": 321
        }
      ],
      "KeyCodes": [
        74
      ],
      "Text": "j",
      "TextPosition": {
        "X": 374,
        "Y": 295
      },
      "ChangeOnCaps": true,
      "ShiftText": "J"
    },
    {
      "__type": "KeyboardKey",
      "Id": 42,
      "Boundaries": [
        {
          "X": 397,
          "Y": 278
        },
        {
          "X": 440,
          "Y": 278
        },
        {
          "X": 440,
          "Y": 321
        },
        {
          "X": 397,
          "Y": 321
        }
      ],
      "KeyCodes": [
        75
      ],
      "Text": "k",
      "TextPosition": {
        "X": 418,
        "Y": 295
      },
      "ChangeOnCaps": true,
      "ShiftText": "K"
    },
    {
      "__type": "KeyboardKey",
      "Id": 43,
      "Boundaries": [
        {
          "X": 441,
          "Y": 278
        },
        {
          "X": 484,
          "Y": 278
        },
        {
          "X": 484,
          "Y": 321
        },
        {
          "X": 441,
          "Y": 321
        }
      ],
      "KeyCodes": [
        76
      ],
      "Text": "l",
      "TextPosition": {
        "X": 462,
        "Y": 295
      },
      "ChangeOnCaps": true,
      "ShiftText": "L"
    },
    {
      "__type": "KeyboardKey",
      "Id": 44,
      "Boundaries": [
        {
          "X": 485,
          "Y": 278
        },
        {
          "X": 528,
          "Y": 278
        },
        {
          "X": 528,
          "Y": 321
        },
        {
          "X": 485,
          "Y": 321
        }
      ],
      "KeyCodes": [
        223
      ],
      "Text": "!",
      "TextPosition": {
        "X": 506,
        "Y": 299
      },
      "ChangeOnCaps": true,
      "ShiftText": "§"
    },
    {
      "__type": "KeyboardKey",
      "Id": 45,
      "Boundaries": [
        {
          "X": 290,
          "Y": 234
        },
        {
          "X": 333,
          "Y": 234
        },
        {
          "X": 333,
          "Y": 277
        },
        {
          "X": 290,
          "Y": 277
        }
      ],
      "KeyCodes": [
        89
      ],
      "Text": "y",
      "TextPosition": {
        "X": 311,
        "Y": 251
      },
      "ChangeOnCaps": true,
      "ShiftText": "Y"
    },
    {
      "__type": "KeyboardKey",
      "Id": 46,
      "Boundaries": [
        {
          "X": 334,
          "Y": 234
        },
        {
          "X": 376,
          "Y": 234
        },
        {
          "X": 376,
          "Y": 277
        },
        {
          "X": 334,
          "Y": 277
        }
      ],
      "KeyCodes": [
        85
      ],
      "Text": "u",
      "TextPosition": {
        "X": 355,
        "Y": 251
      },
      "ChangeOnCaps": true,
      "ShiftText": "U"
    },
    {
      "__type": "KeyboardKey",
      "Id": 47,
      "Boundaries": [
        {
          "X": 377,
          "Y": 234
        },
        {
          "X": 419,
          "Y": 234
        },
        {
          "X": 419,
          "Y": 277
        },
        {
          "X": 377,
          "Y": 277
        }
      ],
      "KeyCodes": [
        73
      ],
      "Text": "i",
      "TextPosition": {
        "X": 398,
        "Y": 251
      },
      "ChangeOnCaps": true,
      "ShiftText": "I"
    },
    {
      "__type": "KeyboardKey",
      "Id": 48,
      "Boundaries": [
        {
          "X": 420,
          "Y": 234
        },
        {
          "X": 463,
          "Y": 234
        },
        {
          "X": 463,
          "Y": 277
        },
        {
          "X": 420,
          "Y": 277
        }
      ],
      "KeyCodes": [
        79
      ],
      "Text": "o",
      "TextPosition": {
        "X": 441,
        "Y": 251
      },
      "ChangeOnCaps": true,
      "ShiftText": "O"
    },
    {
      "__type": "KeyboardKey",
      "Id": 49,
      "Boundaries": [
        {
          "X": 464,
          "Y": 234
        },
        {
          "X": 506,
          "Y": 234
        },
        {
          "X": 506,
          "Y": 277
        },
        {
          "X": 464,
          "Y": 277
        }
      ],
      "KeyCodes": [
        80
      ],
      "Text": "p",
      "TextPosition": {
        "X": 485,
        "Y": 251
      },
      "ChangeOnCaps": true,
      "ShiftText": "P"
    },
    {
      "__type": "KeyboardKey",
      "Id": 50,
      "Boundaries": [
        {
          "X": 529,
          "Y": 278
        },
        {
          "X": 572,
          "Y": 278
        },
        {
          "X": 572,
          "Y": 321
        },
        {
          "X": 529,
          "Y": 321
        }
      ],
      "KeyCodes": [
        192
      ],
      "Text": "ù",
      "TextPosition": {
        "X": 550,
        "Y": 299
      },
      "ChangeOnCaps": true,
      "ShiftText": "%"
    },
    {
      "__type": "KeyboardKey",
      "Id": 51,
      "Boundaries": [
        {
          "X": 507,
          "Y": 234
        },
        {
          "X": 550,
          "Y": 234
        },
        {
          "X": 550,
          "Y": 277
        },
        {
          "X": 507,
          "Y": 277
        }
      ],
      "KeyCodes": [
        221
      ],
      "Text": "^",
      "TextPosition": {
        "X": 528,
        "Y": 255
      },
      "ChangeOnCaps": true,
      "ShiftText": "¨"
    },
    {
      "__type": "KeyboardKey",
      "Id": 52,
      "Boundaries": [
        {
          "X": 551,
          "Y": 234
        },
        {
          "X": 594,
          "Y": 234
        },
        {
          "X": 594,
          "Y": 277
        },
        {
          "X": 551,
          "Y": 277
        }
      ],
      "KeyCodes": [
        186
      ],
      "Text": "$",
      "TextPosition": {
        "X": 572,
        "Y": 255
      },
      "ChangeOnCaps": false,
      "ShiftText": "$"
    },
    {
      "__type": "KeyboardKey",
      "Id": 53,
      "Boundaries": [
        {
          "X": 462,
          "Y": 366
        },
        {
          "X": 507,
          "Y": 366
        },
        {
          "X": 507,
          "Y": 409
        },
        {
          "X": 462,
          "Y": 409
        }
      ],
      "KeyCodes": [
        162,
        165
      ],
      "Text": "Alt",
      "TextPosition": {
        "X": 479,
        "Y": 379
      },
      "ChangeOnCaps": false,
      "ShiftText": "Alt"
    },
    {
      "__type": "KeyboardKey",
      "Id": 54,
      "Boundaries": [
        {
          "X": 508,
          "Y": 366
        },
        {
          "X": 551,
          "Y": 366
        },
        {
          "X": 551,
          "Y": 409
        },
        {
          "X": 508,
          "Y": 409
        }
      ],
      "KeyCodes": [
        92
      ],
      "Text": "⊞",
      "TextPosition": {
        "X": 529,
        "Y": 389
      },
      "ChangeOnCaps": false,
      "ShiftText": "⊞"
    },
    {
      "__type": "KeyboardKey",
      "Id": 55,
      "Boundaries": [
        {
          "X": 552,
          "Y": 366
        },
        {
          "X": 595,
          "Y": 366
        },
        {
          "X": 595,
          "Y": 409
        },
        {
          "X": 552,
          "Y": 409
        }
      ],
      "KeyCodes": [
        93
      ],
      "Text": "≡",
      "TextPosition": {
        "X": 566,
        "Y": 377
      },
      "ChangeOnCaps": false,
      "ShiftText": "≡"
    },
    {
      "__type": "KeyboardKey",
      "Id": 56,
      "Boundaries": [
        {
          "X": 596,
          "Y": 366
        },
        {
          "X": 649,
          "Y": 366
        },
        {
          "X": 649,
          "Y": 409
        },
        {
          "X": 596,
          "Y": 409
        }
      ],
      "KeyCodes": [
        163
      ],
      "Text": "Ctrl",
      "TextPosition": {
        "X": 615,
        "Y": 378
      },
      "ChangeOnCaps": false,
      "ShiftText": "Ctrl"
    },
    {
      "__type": "KeyboardKey",
      "Id": 57,
      "Boundaries": [
        {
          "X": 573,
          "Y": 278
        },
        {
          "X": 649,
          "Y": 278
        },
        {
          "X": 649,
          "Y": 321
        },
        {
          "X": 573,
          "Y": 321
        }
      ],
      "KeyCodes": [
        13
      ],
      "Text": "Enter",
      "TextPosition": {
        "X": 600,
        "Y": 291
      },
      "ChangeOnCaps": false,
      "ShiftText": "Enter"
    },
    {
      "__type": "KeyboardKey",
      "Id": 58,
      "Boundaries": [
        {
          "X": 9,
          "Y": 322
        },
        {
          "X": 109,
          "Y": 322
        },
        {
          "X": 109,
          "Y": 365
        },
        {
          "X": 9,
          "Y": 365
        }
      ],
      "KeyCodes": [
        160
      ],
      "Text": "Shift",
      "TextPosition": {
        "X": 30,
        "Y": 333
      },
      "ChangeOnCaps": true,
      "ShiftText": "Shift"
    },
    {
      "__type": "KeyboardKey",
      "Id": 59,
      "Boundaries": [
        {
          "X": 595,
          "Y": 234
        },
        {
          "X": 648,
          "Y": 234
        },
        {
          "X": 648,
          "Y": 277
        },
        {
          "X": 595,
          "Y": 277
        }
      ],
      "KeyCodes": [
        226
      ],
      "Text": "<",
      "TextPosition": {
        "X": 621,
        "Y": 255
      },
      "ChangeOnCaps": true,
      "ShiftText": ">"
    },
    {
      "__type": "KeyboardKey",
      "Id": 60,
      "Boundaries": [
        {
          "X": 10,
          "Y": 190
        },
        {
          "X": 53,
          "Y": 190
        },
        {
          "X": 53,
          "Y": 233
        },
        {
          "X": 10,
          "Y": 233
        }
      ],
      "KeyCodes": [
        222
      ],
      "Text": "²",
      "TextPosition": {
        "X": 21,
        "Y": 221
      },
      "ChangeOnCaps": false,
      "ShiftText": "²"
    },
    {
      "__type": "KeyboardKey",
      "Id": 61,
      "Boundaries": [
        {
          "X": 54,
          "Y": 190
        },
        {
          "X": 97,
          "Y": 190
        },
        {
          "X": 97,
          "Y": 233
        },
        {
          "X": 54,
          "Y": 233
        }
      ],
      "KeyCodes": [
        49
      ],
      "Text": "&",
      "TextPosition": {
        "X": 75,
        "Y": 211
      },
      "ChangeOnCaps": true,
      "ShiftText": "1"
    },
    {
      "__type": "KeyboardKey",
      "Id": 62,
      "Boundaries": [
        {
          "X": 98,
          "Y": 190
        },
        {
          "X": 141,
          "Y": 190
        },
        {
          "X": 141,
          "Y": 233
        },
        {
          "X": 98,
          "Y": 233
        }
      ],
      "KeyCodes": [
        50
      ],
      "Text": "é",
      "TextPosition": {
        "X": 119,
        "Y": 211
      },
      "ChangeOnCaps": true,
      "ShiftText": "2"
    },
    {
      "__type": "KeyboardKey",
      "Id": 63,
      "Boundaries": [
        {
          "X": 142,
          "Y": 190
        },
        {
          "X": 185,
          "Y": 190
        },
        {
          "X": 185,
          "Y": 233
        },
        {
          "X": 142,
          "Y": 233
        }
      ],
      "KeyCodes": [
        51
      ],
      "Text": "\"",
      "TextPosition": {
        "X": 163,
        "Y": 211
      },
      "ChangeOnCaps": true,
      "ShiftText": "3"
    },
    {
      "__type": "KeyboardKey",
      "Id": 64,
      "Boundaries": [
        {
          "X": 186,
          "Y": 190
        },
        {
          "X": 229,
          "Y": 190
        },
        {
          "X": 229,
          "Y": 233
        },
        {
          "X": 186,
          "Y": 233
        }
      ],
      "KeyCodes": [
        52
      ],
      "Text": "'",
      "TextPosition": {
        "X": 207,
        "Y": 211
      },
      "ChangeOnCaps": true,
      "ShiftText": "4"
    },
    {
      "__type": "KeyboardKey",
      "Id": 65,
      "Boundaries": [
        {
          "X": 230,
          "Y": 190
        },
        {
          "X": 273,
          "Y": 190
        },
        {
          "X": 273,
          "Y": 233
        },
        {
          "X": 230,
          "Y": 233
        }
      ],
      "KeyCodes": [
        53
      ],
      "Text": "(",
      "TextPosition": {
        "X": 251,
        "Y": 211
      },
      "ChangeOnCaps": true,
      "ShiftText": "5"
    },
    {
      "__type": "KeyboardKey",
      "Id": 66,
      "Boundaries": [
        {
          "X": 274,
          "Y": 190
        },
        {
          "X": 316,
          "Y": 190
        },
        {
          "X": 316,
          "Y": 233
        },
        {
          "X": 274,
          "Y": 233
        }
      ],
      "KeyCodes": [
        54
      ],
      "Text": "-",
      "TextPosition": {
        "X": 295,
        "Y": 211
      },
      "ChangeOnCaps": true,
      "ShiftText": "6"
    },
    {
      "__type": "KeyboardKey",
      "Id": 67,
      "Boundaries": [
        {
          "X": 317,
          "Y": 190
        },
        {
          "X": 359,
          "Y": 190
        },
        {
          "X": 359,
          "Y": 233
        },
        {
          "X": 317,
          "Y": 233
        }
      ],
      "KeyCodes": [
        55
      ],
      "Text": "è",
      "TextPosition": {
        "X": 338,
        "Y": 211
      },
      "ChangeOnCaps": true,
      "ShiftText": "7"
    },
    {
      "__type": "KeyboardKey",
      "Id": 68,
      "Boundaries": [
        {
          "X": 360,
          "Y": 190
        },
        {
          "X": 402,
          "Y": 190
        },
        {
          "X": 402,
          "Y": 233
        },
        {
          "X": 360,
          "Y": 233
        }
      ],
      "KeyCodes": [
        56
      ],
      "Text": "_",
      "TextPosition": {
        "X": 381,
        "Y": 211
      },
      "ChangeOnCaps": true,
      "ShiftText": "8"
    },
    {
      "__type": "KeyboardKey",
      "Id": 69,
      "Boundaries": [
        {
          "X": 403,
          "Y": 190
        },
        {
          "X": 445,
          "Y": 190
        },
        {
          "X": 445,
          "Y": 233
        },
        {
          "X": 403,
          "Y": 233
        }
      ],
      "KeyCodes": [
        57
      ],
      "Text": "ç",
      "TextPosition": {
        "X": 424,
        "Y": 211
      },
      "ChangeOnCaps": true,
      "ShiftText": "9"
    },
    {
      "__type": "KeyboardKey",
      "Id": 70,
      "Boundaries": [
        {
          "X": 446,
          "Y": 190
        },
        {
          "X": 489,
          "Y": 190
        },
        {
          "X": 489,
          "Y": 233
        },
        {
          "X": 446,
          "Y": 233
        }
      ],
      "KeyCodes": [
        48
      ],
      "Text": "à",
      "TextPosition": {
        "X": 467,
        "Y": 211
      },
      "ChangeOnCaps": true,
      "ShiftText": "0"
    },
    {
      "__type": "KeyboardKey",
      "Id": 71,
      "Boundaries": [
        {
          "X": 490,
          "Y": 190
        },
        {
          "X": 533,
          "Y": 190
        },
        {
          "X": 533,
          "Y": 233
        },
        {
          "X": 490,
          "Y": 233
        }
      ],
      "KeyCodes": [
        219
      ],
      "Text": ")",
      "TextPosition": {
        "X": 511,
        "Y": 211
      },
      "ChangeOnCaps": true,
      "ShiftText": "°"
    },
    {
      "__type": "KeyboardKey",
      "Id": 72,
      "Boundaries": [
        {
          "X": 534,
          "Y": 190
        },
        {
          "X": 577,
          "Y": 190
        },
        {
          "X": 577,
          "Y": 233
        },
        {
          "X": 534,
          "Y": 233
        }
      ],
      "KeyCodes": [
        187
      ],
      "Text": "=",
      "TextPosition": {
        "X": 555,
        "Y": 211
      },
      "ChangeOnCaps": true,
      "ShiftText": "+"
    },
    {
      "__type": "KeyboardKey",
      "Id": 73,
      "Boundaries": [
        {
          "X": 579,
          "Y": 190
        },
        {
          "X": 649,
          "Y": 190
        },
        {
          "X": 649,
          "Y": 233
        },
        {
          "X": 579,
          "Y": 233
        }
      ],
      "KeyCodes": [
        8
      ],
      "Text": "←",
      "TextPosition": {
        "X": 598,
        "Y": 200
      },
      "ChangeOnCaps": false,
      "ShiftText": "←"
    },
    {
      "__type": "KeyboardKey",
      "Id": 74,
      "Boundaries": [
        {
          "X": 10,
          "Y": 135
        },
        {
          "X": 53,
          "Y": 135
        },
        {
          "X": 53,
          "Y": 178
        },
        {
          "X": 10,
          "Y": 178
        }
      ],
      "KeyCodes": [
        27
      ],
      "Text": "Esc",
      "TextPosition": {
        "X": 29,
        "Y": 147
      },
      "ChangeOnCaps": false,
      "ShiftText": "Esc"
    },
    {
      "__type": "KeyboardKey",
      "Id": 75,
      "Boundaries": [
        {
          "X": 658,
          "Y": 190
        },
        {
          "X": 701,
          "Y": 190
        },
        {
          "X": 701,
          "Y": 233
        },
        {
          "X": 658,
          "Y": 233
        }
      ],
      "KeyCodes": [
        45
      ],
      "Text": "Insert",
      "TextPosition": {
        "X": 679,
        "Y": 202
      },
      "ChangeOnCaps": false,
      "ShiftText": "Insert"
    },
    {
      "__type": "KeyboardKey",
      "Id": 76,
      "Boundaries": [
        {
          "X": 702,
          "Y": 190
        },
        {
          "X": 745,
          "Y": 190
        },
        {
          "X": 745,
          "Y": 233
        },
        {
          "X": 702,
          "Y": 233
        }
      ],
      "KeyCodes": [
        36
      ],
      "Text": "Home",
      "TextPosition": {
        "X": 724,
        "Y": 202
      },
      "ChangeOnCaps": false,
      "ShiftText": "Home"
    },
    {
      "__type": "KeyboardKey",
      "Id": 77,
      "Boundaries": [
        {
          "X": 746,
          "Y": 190
        },
        {
          "X": 789,
          "Y": 190
        },
        {
          "X": 789,
          "Y": 233
        },
        {
          "X": 746,
          "Y": 233
        }
      ],
      "KeyCodes": [
        33
      ],
      "Text": "Page\u000aUp",
      "TextPosition": {
        "X": 767,
        "Y": 211
      },
      "ChangeOnCaps": false,
      "ShiftText": "Page\u000aUp"
    },
    {
      "__type": "KeyboardKey",
      "Id": 78,
      "Boundaries": [
        {
          "X": 658,
          "Y": 234
        },
        {
          "X": 701,
          "Y": 234
        },
        {
          "X": 701,
          "Y": 276
        },
        {
          "X": 658,
          "Y": 276
        }
      ],
      "KeyCodes": [
        46
      ],
      "Text": "Del",
      "TextPosition": {
        "X": 679,
        "Y": 246
      },
      "ChangeOnCaps": false,
      "ShiftText": "Del"
    },
    {
      "__type": "KeyboardKey",
      "Id": 79,
      "Boundaries": [
        {
          "X": 702,
          "Y": 234
        },
        {
          "X": 745,
          "Y": 234
        },
        {
          "X": 745,
          "Y": 276
        },
        {
          "X": 702,
          "Y": 276
        }
      ],
      "KeyCodes": [
        35
      ],
      "Text": "End",
      "TextPosition": {
        "X": 723,
        "Y": 247
      },
      "ChangeOnCaps": false,
      "ShiftText": "End"
    },
    {
      "__type": "KeyboardKey",
      "Id": 80,
      "Boundaries": [
        {
          "X": 746,
          "Y": 234
        },
        {
          "X": 789,
          "Y": 234
        },
        {
          "X": 789,
          "Y": 276
        },
        {
          "X": 746,
          "Y": 276
        }
      ],
      "KeyCodes": [
        34
      ],
      "Text": "Page\u000aDown",
      "TextPosition": {
        "X": 767,
        "Y": 255
      },
      "ChangeOnCaps": true,
      "ShiftText": "Page\u000aDown"
    },
    {
      "__type": "KeyboardKey",
      "Id": 81,
      "Boundaries": [
        {
          "X": 660,
          "Y": 366
        },
        {
          "X": 703,
          "Y": 366
        },
        {
          "X": 703,
          "Y": 409
        },
        {
          "X": 660,
          "Y": 409
        }
      ],
      "KeyCodes": [
        37
      ],
      "Text": "◄",
      "TextPosition": {
        "X": 682,
        "Y": 379
      },
      "ChangeOnCaps": false,
      "ShiftText": "◄"
    },
    {
      "__type": "KeyboardKey",
      "Id": 82,
      "Boundaries": [
        {
          "X": 704,
          "Y": 366
        },
        {
          "X": 747,
          "Y": 366
        },
        {
          "X": 747,
          "Y": 409
        },
        {
          "X": 704,
          "Y": 409
        }
      ],
      "KeyCodes": [
        40
      ],
      "Text": "▼",
      "TextPosition": {
        "X": 726,
        "Y": 383
      },
      "ChangeOnCaps": false,
      "ShiftText": "▼"
    },
    {
      "__type": "KeyboardKey",
      "Id": 83,
      "Boundaries": [
        {
          "X": 748,
          "Y": 366
        },
        {
          "X": 791,
          "Y": 366
        },
        {
          "X": 791,
          "Y": 409
        },
        {
          "X": 748,
          "Y": 409
        }
      ],
      "KeyCodes": [
        39
      ],
      "Text": "►",
      "TextPosition": {
        "X": 772,
        "Y": 379
      },
      "ChangeOnCaps": false,
      "ShiftText": "►"
    },
    {
      "__type": "KeyboardKey",
      "Id": 84,
      "Boundaries": [
        {
          "X": 704,
          "Y": 322
        },
        {
          "X": 747,
          "Y": 322
        },
        {
          "X": 747,
          "Y": 365
        },
        {
          "X": 704,
          "Y": 365
        }
      ],
      "KeyCodes": [
        38
      ],
      "Text": "▲",
      "TextPosition": {
        "X": 726,
        "Y": 338
      },
      "ChangeOnCaps": false,
      "ShiftText": "▲"
    },
    {
      "__type": "KeyboardKey",
      "Id": 85,
      "Boundaries": [
        {
          "X": 800,
          "Y": 190
        },
        {
          "X": 843,
          "Y": 190
        },
        {
          "X": 843,
          "Y": 233
        },
        {
          "X": 800,
          "Y": 233
        }
      ],
      "KeyCodes": [
        144
      ],
      "Text": "Verr\u000aNum",
      "TextPosition": {
        "X": 821,
        "Y": 211
      },
      "ChangeOnCaps": false,
      "ShiftText": "Verr\u000aNum"
    },
    {
      "__type": "KeyboardKey",
      "Id": 86,
      "Boundaries": [
        {
          "X": 844,
          "Y": 190
        },
        {
          "X": 887,
          "Y": 190
        },
        {
          "X": 887,
          "Y": 233
        },
        {
          "X": 844,
          "Y": 233
        }
      ],
      "KeyCodes": [
        111
      ],
      "Text": "\/",
      "TextPosition": {
        "X": 857,
        "Y": 202
      },
      "ChangeOnCaps": false,
      "ShiftText": "\/"
    },
    {
      "__type": "KeyboardKey",
      "Id": 87,
      "Boundaries": [
        {
          "X": 888,
          "Y": 190
        },
        {
          "X": 931,
          "Y": 190
        },
        {
          "X": 931,
          "Y": 233
        },
        {
          "X": 888,
          "Y": 233
        }
      ],
      "KeyCodes": [
        106
      ],
      "Text": "*",
      "TextPosition": {
        "X": 900,
        "Y": 202
      },
      "ChangeOnCaps": true,
      "ShiftText": "*"
    },
    {
      "__type": "KeyboardKey",
      "Id": 88,
      "Boundaries": [
        {
          "X": 932,
          "Y": 190
        },
        {
          "X": 975,
          "Y": 190
        },
        {
          "X": 975,
          "Y": 233
        },
        {
          "X": 932,
          "Y": 233
        }
      ],
      "KeyCodes": [
        109
      ],
      "Text": "-",
      "TextPosition": {
        "X": 946,
        "Y": 197
      },
      "ChangeOnCaps": true,
      "ShiftText": "-"
    },
    {
      "__type": "KeyboardKey",
      "Id": 89,
      "Boundaries": [
        {
          "X": 800,
          "Y": 234
        },
        {
          "X": 843,
          "Y": 234
        },
        {
          "X": 843,
          "Y": 277
        },
        {
          "X": 800,
          "Y": 277
        }
      ],
      "KeyCodes": [
        103
      ],
      "Text": "7",
      "TextPosition": {
        "X": 815,
        "Y": 246
      },
      "ChangeOnCaps": false,
      "ShiftText": "7"
    },
    {
      "__type": "KeyboardKey",
      "Id": 90,
      "Boundaries": [
        {
          "X": 844,
          "Y": 234
        },
        {
          "X": 887,
          "Y": 234
        },
        {
          "X": 887,
          "Y": 277
        },
        {
          "X": 844,
          "Y": 277
        }
      ],
      "KeyCodes": [
        104
      ],
      "Text": "8",
      "TextPosition": {
        "X": 860,
        "Y": 246
      },
      "ChangeOnCaps": false,
      "ShiftText": "8"
    },
    {
      "__type": "KeyboardKey",
      "Id": 91,
      "Boundaries": [
        {
          "X": 888,
          "Y": 234
        },
        {
          "X": 931,
          "Y": 234
        },
        {
          "X": 931,
          "Y": 277
        },
        {
          "X": 888,
          "Y": 277
        }
      ],
      "KeyCodes": [
        105
      ],
      "Text": "9",
      "TextPosition": {
        "X": 904,
        "Y": 247
      },
      "ChangeOnCaps": false,
      "ShiftText": "9"
    },
    {
      "__type": "KeyboardKey",
      "Id": 92,
      "Boundaries": [
        {
          "X": 932,
          "Y": 234
        },
        {
          "X": 975,
          "Y": 234
        },
        {
          "X": 975,
          "Y": 321
        },
        {
          "X": 932,
          "Y": 321
        }
      ],
      "KeyCodes": [
        107
      ],
      "Text": "+",
      "TextPosition": {
        "X": 948,
        "Y": 245
      },
      "ChangeOnCaps": false,
      "ShiftText": "+"
    },
    {
      "__type": "KeyboardKey",
      "Id": 93,
      "Boundaries": [
        {
          "X": 800,
          "Y": 278
        },
        {
          "X": 843,
          "Y": 278
        },
        {
          "X": 843,
          "Y": 321
        },
        {
          "X": 800,
          "Y": 321
        }
      ],
      "KeyCodes": [
        100
      ],
      "Text": "4",
      "TextPosition": {
        "X": 815,
        "Y": 290
      },
      "ChangeOnCaps": false,
      "ShiftText": "4"
    },
    {
      "__type": "KeyboardKey",
      "Id": 94,
      "Boundaries": [
        {
          "X": 844,
          "Y": 278
        },
        {
          "X": 887,
          "Y": 278
        },
        {
          "X": 887,
          "Y": 321
        },
        {
          "X": 844,
          "Y": 321
        }
      ],
      "KeyCodes": [
        101
      ],
      "Text": "5",
      "TextPosition": {
        "X": 860,
        "Y": 290
      },
      "ChangeOnCaps": false,
      "ShiftText": "5"
    },
    {
      "__type": "KeyboardKey",
      "Id": 95,
      "Boundaries": [
        {
          "X": 888,
          "Y": 278
        },
        {
          "X": 931,
          "Y": 278
        },
        {
          "X": 931,
          "Y": 321
        },
        {
          "X": 888,
          "Y": 321
        }
      ],
      "KeyCodes": [
        102
      ],
      "Text": "6",
      "TextPosition": {
        "X": 904,
        "Y": 290
      },
      "ChangeOnCaps": false,
      "ShiftText": "6"
    },
    {
      "__type": "KeyboardKey",
      "Id": 97,
      "Boundaries": [
        {
          "X": 800,
          "Y": 322
        },
        {
          "X": 843,
          "Y": 322
        },
        {
          "X": 843,
          "Y": 365
        },
        {
          "X": 800,
          "Y": 365
        }
      ],
      "KeyCodes": [
        97
      ],
      "Text": "1",
      "TextPosition": {
        "X": 815,
        "Y": 334
      },
      "ChangeOnCaps": false,
      "ShiftText": "1"
    },
    {
      "__type": "KeyboardKey",
      "Id": 98,
      "Boundaries": [
        {
          "X": 844,
          "Y": 322
        },
        {
          "X": 887,
          "Y": 322
        },
        {
          "X": 887,
          "Y": 365
        },
        {
          "X": 844,
          "Y": 365
        }
      ],
      "KeyCodes": [
        98
      ],
      "Text": "2",
      "TextPosition": {
        "X": 860,
        "Y": 334
      },
      "ChangeOnCaps": false,
      "ShiftText": "2"
    },
    {
      "__type": "KeyboardKey",
      "Id": 99,
      "Boundaries": [
        {
          "X": 888,
          "Y": 322
        },
        {
          "X": 931,
          "Y": 322
        },
        {
          "X": 931,
          "Y": 365
        },
        {
          "X": 888,
          "Y": 365
        }
      ],
      "KeyCodes": [
        99
      ],
      "Text": "3",
      "TextPosition": {
        "X": 904,
        "Y": 334
      },
      "ChangeOnCaps": false,
      "ShiftText": "3"
    },
    {
      "__type": "KeyboardKey",
      "Id": 100,
      "Boundaries": [
        {
          "X": 932,
          "Y": 322
        },
        {
          "X": 974,
          "Y": 322
        },
        {
          "X": 974,
          "Y": 409
        },
        {
          "X": 932,
          "Y": 409
        }
      ],
      "KeyCodes": [
        1025
      ],
      "Text": "Ent",
      "TextPosition": {
        "X": 950,
        "Y": 334
      },
      "ChangeOnCaps": false,
      "ShiftText": "Ent"
    },
    {
      "__type": "KeyboardKey",
      "Id": 101,
      "Boundaries": [
        {
          "X": 800,
          "Y": 366
        },
        {
          "X": 887,
          "Y": 366
        },
        {
          "X": 887,
          "Y": 409
        },
        {
          "X": 800,
          "Y": 409
        }
      ],
      "KeyCodes": [
        96
      ],
      "Text": "0",
      "TextPosition": {
        "X": 843,
        "Y": 387
      },
      "ChangeOnCaps": false,
      "ShiftText": "0"
    },
    {
      "__type": "KeyboardKey",
      "Id": 103,
      "Boundaries": [
        {
          "X": 888,
          "Y": 366
        },
        {
          "X": 931,
          "Y": 366
        },
        {
          "X": 931,
          "Y": 409
        },
        {
          "X": 888,
          "Y": 409
        }
      ],
      "KeyCodes": [
        110
      ],
      "Text": ".",
      "TextPosition": {
        "X": 900,
        "Y": 368
      },
      "ChangeOnCaps": false,
      "ShiftText": "."
    },
    {
      "__type": "KeyboardKey",
      "Id": 104,
      "Boundaries": [
        {
          "X": 605,
          "Y": 137
        },
        {
          "X": 648,
          "Y": 137
        },
        {
          "X": 648,
          "Y": 180
        },
        {
          "X": 605,
          "Y": 180
        }
      ],
      "KeyCodes": [
        123
      ],
      "Text": "F12",
      "TextPosition": {
        "X": 623,
        "Y": 148
      },
      "ChangeOnCaps": false,
      "ShiftText": "F12"
    },
    {
      "__type": "KeyboardKey",
      "Id": 105,
      "Boundaries": [
        {
          "X": 560,
          "Y": 137
        },
        {
          "X": 603,
          "Y": 137
        },
        {
          "X": 603,
          "Y": 180
        },
        {
          "X": 560,
          "Y": 180
        }
      ],
      "KeyCodes": [
        122
      ],
      "Text": "F11",
      "TextPosition": {
        "X": 578,
        "Y": 148
      },
      "ChangeOnCaps": false,
      "ShiftText": "F11"
    },
    {
      "__type": "KeyboardKey",
      "Id": 106,
      "Boundaries": [
        {
          "X": 515,
          "Y": 137
        },
        {
          "X": 558,
          "Y": 137
        },
        {
          "X": 558,
          "Y": 180
        },
        {
          "X": 515,
          "Y": 180
        }
      ],
      "KeyCodes": [
        121
      ],
      "Text": "F10",
      "TextPosition": {
        "X": 533,
        "Y": 148
      },
      "ChangeOnCaps": false,
      "ShiftText": "F10"
    },
    {
      "__type": "KeyboardKey",
      "Id": 107,
      "Boundaries": [
        {
          "X": 470,
          "Y": 137
        },
        {
          "X": 513,
          "Y": 137
        },
        {
          "X": 513,
          "Y": 180
        },
        {
          "X": 470,
          "Y": 180
        }
      ],
      "KeyCodes": [
        120
      ],
      "Text": "F9",
      "TextPosition": {
        "X": 488,
        "Y": 148
      },
      "ChangeOnCaps": false,
      "ShiftText": "F9"
    },
    {
      "__type": "KeyboardKey",
      "Id": 108,
      "Boundaries": [
        {
          "X": 415,
          "Y": 137
        },
        {
          "X": 458,
          "Y": 137
        },
        {
          "X": 458,
          "Y": 180
        },
        {
          "X": 415,
          "Y": 180
        }
      ],
      "KeyCodes": [
        119
      ],
      "Text": "F8",
      "TextPosition": {
        "X": 433,
        "Y": 148
      },
      "ChangeOnCaps": false,
      "ShiftText": "F8"
    },
    {
      "__type": "KeyboardKey",
      "Id": 109,
      "Boundaries": [
        {
          "X": 370,
          "Y": 137
        },
        {
          "X": 413,
          "Y": 137
        },
        {
          "X": 413,
          "Y": 180
        },
        {
          "X": 370,
          "Y": 180
        }
      ],
      "KeyCodes": [
        118
      ],
      "Text": "F7",
      "TextPosition": {
        "X": 388,
        "Y": 149
      },
      "ChangeOnCaps": false,
      "ShiftText": "F7"
    },
    {
      "__type": "KeyboardKey",
      "Id": 110,
      "Boundaries": [
        {
          "X": 325,
          "Y": 137
        },
        {
          "X": 368,
          "Y": 137
        },
        {
          "X": 368,
          "Y": 180
        },
        {
          "X": 325,
          "Y": 180
        }
      ],
      "KeyCodes": [
        117
      ],
      "Text": "F6",
      "TextPosition": {
        "X": 343,
        "Y": 148
      },
      "ChangeOnCaps": false,
      "ShiftText": "F6"
    },
    {
      "__type": "KeyboardKey",
      "Id": 111,
      "Boundaries": [
        {
          "X": 280,
          "Y": 137
        },
        {
          "X": 323,
          "Y": 137
        },
        {
          "X": 323,
          "Y": 180
        },
        {
          "X": 280,
          "Y": 180
        }
      ],
      "KeyCodes": [
        116
      ],
      "Text": "F5",
      "TextPosition": {
        "X": 298,
        "Y": 148
      },
      "ChangeOnCaps": false,
      "ShiftText": "F5"
    },
    {
      "__type": "KeyboardKey",
      "Id": 112,
      "Boundaries": [
        {
          "X": 225,
          "Y": 137
        },
        {
          "X": 268,
          "Y": 137
        },
        {
          "X": 268,
          "Y": 180
        },
        {
          "X": 225,
          "Y": 180
        }
      ],
      "KeyCodes": [
        115
      ],
      "Text": "F4",
      "TextPosition": {
        "X": 243,
        "Y": 148
      },
      "ChangeOnCaps": false,
      "ShiftText": "F4"
    },
    {
      "__type": "KeyboardKey",
      "Id": 113,
      "Boundaries": [
        {
          "X": 180,
          "Y": 137
        },
        {
          "X": 223,
          "Y": 137
        },
        {
          "X": 223,
          "Y": 180
        },
        {
          "X": 180,
          "Y": 180
        }
      ],
      "KeyCodes": [
        114
      ],
      "Text": "F3",
      "TextPosition": {
        "X": 198,
        "Y": 148
      },
      "ChangeOnCaps": false,
      "ShiftText": "F3"
    },
    {
      "__type": "KeyboardKey",
      "Id": 114,
      "Boundaries": [
        {
          "X": 135,
          "Y": 137
        },
        {
          "X": 178,
          "Y": 137
        },
        {
          "X": 178,
          "Y": 180
        },
        {
          "X": 135,
          "Y": 180
        }
      ],
      "KeyCodes": [
        113
      ],
      "Text": "F2",
      "TextPosition": {
        "X": 153,
        "Y": 148
      },
      "ChangeOnCaps": false,
      "ShiftText": "F2"
    },
    {
      "__type": "KeyboardKey",
      "Id": 115,
      "Boundaries": [
        {
          "X": 90,
          "Y": 137
        },
        {
          "X": 133,
          "Y": 137
        },
        {
          "X": 133,
          "Y": 180
        },
        {
          "X": 90,
          "Y": 180
        }
      ],
      "KeyCodes": [
        112
      ],
      "Text": "F1",
      "TextPosition": {
        "X": 108,
        "Y": 148
      },
      "ChangeOnCaps": false,
      "ShiftText": "F1"
    }
  ],
  "Height": 412,
  "Version": 2,
  "Width": 981
}