{
  "Elements": [
    {
      "__type": "MouseKey",
      "Id": 23,
      "Boundaries": [
        {
          "X": 368,
          "Y": 32
        },
        {
          "X": 380,
          "Y": 32
        },
        {
          "X": 380,
          "Y": 70
        },
        {
          "X": 368,
          "Y": 70
        }
      ],
      "KeyCodes": [
        2
      ],
      "Text": "",
      "TextPosition": {
        "X": 378,
        "Y": 96
      }
    },
    {
      "__type": "MouseScroll",
      "Id": 21,
      "Boundaries": [
        {
          "X": 368,
          "Y": 32
        },
        {
          "X": 380,
          "Y": 32
        },
        {
          "X": 380,
          "Y": 51
        },
        {
          "X": 368,
          "Y": 51
        }
      ],
      "KeyCodes": [
        0
      ],
      "Text": "",
      "TextPosition": {
        "X": 374,
        "Y": 44
      }
    },
    {
      "__type": "MouseScroll",
      "Id": 22,
      "Boundaries": [
        {
          "X": 368,
          "Y": 51
        },
        {
          "X": 380,
          "Y": 51
        },
        {
          "X": 380,
          "Y": 70
        },
        {
          "X": 368,
          "Y": 70
        }
      ],
      "KeyCodes": [
        1
      ],
      "Text": "",
      "TextPosition": {
        "X": 374,
        "Y": 63
      }
    },
    {
      "__type": "MouseKey",
      "Id": 29,
      "Boundaries": [
        {
          "X": 317,
          "Y": 70
        },
        {
          "X": 324,
          "Y": 70
        },
        {
          "X": 324,
          "Y": 105
        },
        {
          "X": 317,
          "Y": 105
        }
      ],
      "KeyCodes": [
        4
      ],
      "Text": "",
      "TextPosition": {
        "X": 335,
        "Y": 164
      }
    },
    {
      "__type": "MouseKey",
      "Id": 30,
      "Boundaries": [
        {
          "X": 320,
          "Y": 103
        },
        {
          "X": 325,
          "Y": 103
        },
        {
          "X": 325,
          "Y": 144
        },
        {
          "X": 320,
          "Y": 144
        }
      ],
      "KeyCodes": [
        3
      ],
      "Text": "",
      "TextPosition": {
        "X": 338,
        "Y": 208
      }
    },
    {
      "__type": "MouseKey",
      "Id": 28,
      "Boundaries": [
        {
          "X": 374,
          "Y": 9
        },
        {
          "X": 436,
          "Y": 9
        },
        {
          "X": 436,
          "Y": 228
        },
        {
          "X": 374,
          "Y": 228
        }
      ],
      "KeyCodes": [
        1
      ],
      "Text": "",
      "TextPosition": {
        "X": 420,
        "Y": 103
      }
    },
    {
      "__type": "MouseKey",
      "Id": 27,
      "Boundaries": [
        {
          "X": 311,
          "Y": 9
        },
        {
          "X": 374,
          "Y": 9
        },
        {
          "X": 374,
          "Y": 228
        },
        {
          "X": 311,
          "Y": 228
        }
      ],
      "KeyCodes": [
        0
      ],
      "Text": "",
      "TextPosition": {
        "X": 332,
        "Y": 103
      }
    }
  ],
  "Height": 237,
  "Version": 2,
  "Width": 445
}